{"cameraMode":{"drawMode":0,"name":"Shaded","section":"Shading Mode"},"sceneLighting":true,"audioPlay":false,"sceneViewState":{"m_AlwaysRefresh":false,"showFog":true,"showSkybox":true,"showFlares":true,"showImageEffects":true,"showParticleSystems":true,"showVisualEffectGraphs":true,"m_FxEnabled":true},"in2DMode":false,"pivot":{"x":0.9433692693710327,"y":0.8560918569564819,"z":2.2601871490478517},"rotation":{"x":0.034185562282800677,"y":0.00027565358323045075,"z":0.00007884479418862611,"w":-0.9994716644287109},"size":2.7711260318756105,"orthographic":false}