{"cameraMode":{"drawMode":0,"name":"Shaded","section":"Shading Mode"},"sceneLighting":true,"audioPlay":false,"sceneViewState":{"m_AlwaysRefresh":false,"showFog":true,"showSkybox":true,"showFlares":true,"showImageEffects":true,"showParticleSystems":true,"showVisualEffectGraphs":true,"m_FxEnabled":true},"in2DMode":false,"pivot":{"x":-0.5979426503181458,"y":1.9522581100463868,"z":0.21513581275939942},"rotation":{"x":-0.16498181223869325,"y":-0.17039385437965394,"z":0.029055476188659669,"w":-0.9710530042648315},"size":11.423347473144532,"orthographic":false}