{"cameraMode":{"drawMode":0,"name":"Shaded","section":"Shading Mode"},"sceneLighting":true,"audioPlay":false,"sceneViewState":{"m_AlwaysRefresh":false,"showFog":true,"showSkybox":true,"showFlares":true,"showImageEffects":true,"showParticleSystems":true,"showVisualEffectGraphs":true,"m_FxEnabled":true},"in2DMode":false,"pivot":{"x":-0.5160636305809021,"y":-0.1274409294128418,"z":3.4816348552703859},"rotation":{"x":0.2336089313030243,"y":0.014881813898682595,"z":-0.003600379917770624,"w":0.9722391963005066},"size":4.725140571594238,"orthographic":false}